{"cameraMode":{"drawMode":0,"name":"Shaded","section":"Shading Mode"},"sceneLighting":false,"audioPlay":false,"sceneViewState":{"m_AlwaysRefresh":false,"showFog":true,"showSkybox":false,"showFlares":true,"showImageEffects":true,"showParticleSystems":true,"showVisualEffectGraphs":true,"m_FxEnabled":true},"in2DMode":false,"pivot":{"x":1.0737718343734742,"y":2.876887083053589,"z":0.8762500286102295},"rotation":{"x":-0.23171959817409516,"y":-0.060657866299152377,"z":0.014478834345936776,"w":-0.9707812666893005},"size":1.2847014665603638,"orthographic":false}