{"cameraMode":{"drawMode":0,"name":"Shaded","section":"Shading Mode"},"sceneLighting":true,"audioPlay":false,"sceneViewState":{"m_AlwaysRefresh":false,"showFog":true,"showSkybox":true,"showFlares":true,"showImageEffects":true,"showParticleSystems":true,"showVisualEffectGraphs":true,"m_FxEnabled":true},"in2DMode":false,"pivot":{"x":0.774183988571167,"y":2.3312649726867677,"z":13.042739868164063},"rotation":{"x":0.09870073199272156,"y":-0.1948036402463913,"z":0.019665665924549104,"w":0.9756925702095032},"size":4.278622627258301,"orthographic":false}