{"cameraMode":{"drawMode":0,"name":"Shaded","section":"Shading Mode"},"sceneLighting":true,"audioPlay":false,"sceneViewState":{"m_AlwaysRefresh":false,"showFog":true,"showSkybox":true,"showFlares":true,"showImageEffects":true,"showParticleSystems":true,"showVisualEffectGraphs":true,"m_FxEnabled":true},"in2DMode":false,"pivot":{"x":-1.852996587753296,"y":0.3108634948730469,"z":5.3387298583984379},"rotation":{"x":0.025986947119235994,"y":0.8691773414611816,"z":-0.4916846752166748,"w":0.045935120433568957},"size":11.283415794372559,"orthographic":false}